orden,N,estructura,M,una_busqueda_us,desv_us,construir_s,altura
aleatorio,1000,Lista,200000,22.1822,1.6266,9.4e-05,
aleatorio,1000,ABB,2000000,1.315,0.082,0.001361,23
aleatorio,1000,B+,2000000,1.2534,0.0977,0.002128,6
aleatorio,5000,Lista,40000,116.467,10.9684,0.000443,
aleatorio,5000,ABB,2000000,1.9829,0.1693,0.009892,32
aleatorio,5000,B+,2000000,1.6906,0.0618,0.013024,7
aleatorio,10000,Lista,20000,230.8562,6.3885,0.000702,
aleatorio,10000,ABB,2000000,2.406,0.1554,0.020414,36
aleatorio,10000,B+,2000000,2.0122,0.0731,0.0278,7
aleatorio,20000,Lista,10000,565.6543,38.9051,0.001185,
aleatorio,20000,ABB,2000000,3.1318,0.2466,0.052738,32
aleatorio,20000,B+,2000000,2.5479,0.1999,0.064974,8
aleatorio,35000,Lista,4000,1352.9636,108.0446,0.00214,
aleatorio,35000,ABB,2000000,3.8029,0.1691,0.112527,38
aleatorio,35000,B+,2000000,3.1462,0.1811,0.130292,8
aleatorio,50000,Lista,2500,2615.2766,278.9425,0.003109,
aleatorio,50000,ABB,2000000,4.3632,0.3106,0.193392,37
aleatorio,50000,B+,2000000,3.5735,0.188,0.209229,9
aleatorio,75000,Lista,1500,4761.6659,172.4974,0.00473,
aleatorio,75000,ABB,2000000,4.9979,0.095,0.324387,40
aleatorio,75000,B+,2000000,4.0893,0.1365,0.349265,9
aleatorio,100000,Lista,1200,7041.691,396.7764,0.006295,
aleatorio,100000,ABB,2000000,5.5,0.4334,0.531452,39
aleatorio,100000,B+,2000000,4.528,0.2773,0.518774,9
ordenado,1000,Lista,200000,18.9916,0.6974,0.000147,
ordenado,1000,ABB,200000,49.9626,1.4947,0.044194,1000
ordenado,1000,B+,2000000,1.2613,0.037,0.003154,7
ordenado,5000,Lista,40000,99.258,3.8748,0.00038,
ordenado,5000,ABB,40000,275.0755,13.609,1.221443,5000
ordenado,5000,B+,2000000,1.7637,0.1663,0.016932,8
ordenado,10000,Lista,20000,202.8204,7.3292,0.00064,
ordenado,10000,ABB,20000,527.4238,9.3569,4.775457,10000
ordenado,10000,B+,2000000,2.1293,0.0425,0.035501,9
ordenado,20000,Lista,10000,431.7583,37.6728,0.001189,
ordenado,20000,ABB,10000,1102.3777,23.7097,19.954318,20000
ordenado,20000,B+,2000000,2.7878,0.131,0.074936,9
